Workbook

Sheet Risposte del modulo 1
A1: Section | B1: Question ID | C1: Questions | D1: Reviewer 1 | E1: Reviewer 2 | F1: Reviewer 3 | G1: Reviewer 4 | H1: Reviewer 5 | I1: Reviewer 6 | J1: Mean | K1: Absolute Mean | L1: Std | M1: IQR
A2: Reviewer | B2: Q1 | C2: Please indicate your professional background (select one or specify) | D2: Product Assurance/Quality | E2: Software Product Assurance/Quality | F2: Software Product Assurance/Quality | G2: Software Product Assurance/Quality | H2: Software Product Assurance/Quality | I2: Software/AI Embedded Developer
B3: Q2 | C3: Years of experience in your field | D3: 3–5 years (Intermediate) | E3: 16+ years (Expert) | F3: 16+ years (Expert) | G3: 3–5 years (Intermediate) | H3: 3–5 years (Intermediate) | I3: 0–2 years (Junior / Early career) | J3: =AVERAGE(VLOOKUP(D3,Values!$A$2:$B$4,2,0),VLOOKUP(E3,Values!$A$2:$B$4,2,0),VLOOKUP(F3,Values!$A$2:$B$4,2,0),VLOOKUP(G3,Values!$A$2:$B$4,2,0),VLOOKUP(H3,Values!$A$2:$B$4,2,0),VLOOKUP(I3,Values!$A$2:$B$4,2,0)) -> 7.5 | L3: =STDEV(VLOOKUP(D3,Values!$A$2:$B$4,2,0),VLOOKUP(E3,Values!$A$2:$B$4,2,0),VLOOKUP(F3,Values!$A$2:$B$4,2,0),VLOOKUP(G3,Values!$A$2:$B$4,2,0),VLOOKUP(H3,Values!$A$2:$B$4,2,0),VLOOKUP(I3,Values!$A$2:$B$4,2,0)) -> 6.6858059
B4: Q3 | C4: Experience with ECSS standards | D4: 3–5 years (Intermediate) | E4: 16+ years (Expert) | F4: 16+ years (Expert) | G4: 3–5 years (Intermediate) | H4: 0–2 years (Junior / Early career) | I4: 0–2 years (Junior / Early career) | J4: =AVERAGE(VLOOKUP(D4,Values!$A$2:$B$4,2,0),VLOOKUP(E4,Values!$A$2:$B$4,2,0),VLOOKUP(F4,Values!$A$2:$B$4,2,0),VLOOKUP(G4,Values!$A$2:$B$4,2,0),VLOOKUP(H4,Values!$A$2:$B$4,2,0),VLOOKUP(I4,Values!$A$2:$B$4,2,0)) -> 7 | L4: =STDEV(VLOOKUP(D4,Values!$A$2:$B$4,2,0),VLOOKUP(E4,Values!$A$2:$B$4,2,0),VLOOKUP(F4,Values!$A$2:$B$4,2,0),VLOOKUP(G4,Values!$A$2:$B$4,2,0),VLOOKUP(H4,Values!$A$2:$B$4,2,0),VLOOKUP(I4,Values!$A$2:$B$4,2,0)) -> 7.0992957
B5: Q4 | C5: Experience with AI/ML systems | D5: 3–5 years (Intermediate) | E5: 0–2 years (Junior / Early career) | F5: 0–2 years (Junior / Early career) | G5: 0–2 years (Junior / Early career) | H5: 0–2 years (Junior / Early career) | I5: 3–5 years (Intermediate) | J5: =AVERAGE(VLOOKUP(D5,Values!$A$2:$B$4,2,0),VLOOKUP(E5,Values!$A$2:$B$4,2,0),VLOOKUP(F5,Values!$A$2:$B$4,2,0),VLOOKUP(G5,Values!$A$2:$B$4,2,0),VLOOKUP(H5,Values!$A$2:$B$4,2,0),VLOOKUP(I5,Values!$A$2:$B$4,2,0)) -> 2 | L5: =STDEV(VLOOKUP(D5,Values!$A$2:$B$4,2,0),VLOOKUP(E5,Values!$A$2:$B$4,2,0),VLOOKUP(F5,Values!$A$2:$B$4,2,0),VLOOKUP(G5,Values!$A$2:$B$4,2,0),VLOOKUP(H5,Values!$A$2:$B$4,2,0),VLOOKUP(I5,Values!$A$2:$B$4,2,0)) -> 1.5491933
B6: Q5 | C6: Please indicate the name of the organization or company you are currently employed by | D6: Other | E6: Space Company | F6: Space Company | G6: Space Company | H6: Space Company | I6: Space Company
B7: Q6 | C7: If you selected “Other”, please specify the organization or company you work for: | D7: Antwerp Space
A8: Formal Review | B8: Q7 | C8: To what extent do you agree that the following three phases (TRR, CDR, VVR) are sufficient for software qualification and follow the ECSS standards? | D8: 4 | E8: 5 | F8: 5 | G8: 3 | H8: 4 | I8: 3 | J8: =AVERAGE(D8:I8) -> 4 | K8: =AVERAGE(J8:J9) -> 4.25 | L8: =STDEV(D8:I8) -> 0.89442719 | M8: =QUARTILE(E8:J8,3)-QUARTILE(E8:J8,1) -> 1.5
A9: Configuration Management | B9: Q8 | C9: To what extent do you agree that the proposed configuration management phases (version control, change management, baseline management, traceability) are sufficient and follow the ECSS standard? | D9: 4 | E9: 5 | F9: 5 | G9: 5 | H9: 5 | I9: 3 | J9: =AVERAGE(D9:I9) -> 4.5 | L9: =STDEV(D9:I9) -> 0.83666003 | M9: =QUARTILE(E9:J9,3)-QUARTILE(E9:J9,1) -> 0.375
A10: Data Management | B10: Q9 | C10: To what extent do you agree that the dataset quality verification process is sufficient for AI applications? | D10: 4 | E10: 5 | F10: 4 | G10: 4 | H10: 5 | I10: 4 | J10: =AVERAGE(D10:I10) -> 4.3333333 | K10: =AVERAGE(D10:I10) -> 4.3333333 | L10: =STDEV(D10:I10) -> 0.51639778 | M10: =QUARTILE(E10:J10,3)-QUARTILE(E10:J10,1) -> 0.83333333
A11: Model Learning | B11: Q10 | C11: To what extent do you agree that the proposed methodologies (e.g., data leakage, data mismatch, drift analysis) are necessary to ensure model quality during the learning phase, considering criticality levels? | D11: 5 | E11: 5 | F11: 4 | G11: 5 | H11: 5 | I11: 4 | J11: =AVERAGE(D11:I11) -> 4.6666667 | K11: =AVERAGE(J11:J13) -> 4.2222222 | L11: =STDEV(D11:I13) -> 0.7320845 | M11: =QUARTILE(E11:J13,3)-QUARTILE(E11:J13,1) -> 1
B12: Q11 | C12: To what extent do you agree that model performance validation is sufficient to ensure model quality during the learning phase, considering criticality levels? | D12: 4 | E12: 5 | F12: 4 | G12: 3 | H12: 4 | I12: 3 | J12: =AVERAGE(D12:I12) -> 3.8333333
B13: Q12 | C13: To what extent do you agree that model explainability and bias/fairness audits help to qualify a model with the highest criticality level? | D13: 4 | E13: 5 | F13: 4 | G13: 3 | H13: 4 | I13: 5 | J13: =AVERAGE(D13:I13) -> 4.1666667
A14: Model Verification | B14: Q13 | C14: To what extent do you agree that the proposed verification methodologies (e.g., formal methods, robustness testing) are necessary to ensure model quality during the verification phase, considering criticality levels? | D14: 5 | E14: 5 | F14: 5 | G14: 5 | H14: 4 | I14: 4 | J14: =AVERAGE(D14:I14) -> 4.6666667 | K14: =AVERAGE(J14:J16) -> 4.7777778 | L14: =STDEV(D14:I16) -> 0.42779263 | M14: =QUARTILE(E14:J16,3)-QUARTILE(E14:J16,1) -> 0.16666667
B15: Q14 | C15: To what extent do you agree that generating test cases from the design domain and that simulation-based testing are necessary to ensure model quality during the verification phase, considering criticality levels? | D15: 5 | E15: 5 | F15: 5 | G15: 5 | H15: 4 | I15: 5 | J15: =AVERAGE(D15:I15) -> 4.8333333
B16: Q15 | C16: To what extent do you agree that adversarial robustness testing and stress testing should be mandatory for A-critical systems? | D16: 4 | E16: 5 | F16: 5 | G16: 5 | H16: 5 | I16: 5 | J16: =AVERAGE(D16:I16) -> 4.8333333
A17: Model Deployment | B17: Q16 | C17: To what extent do you agree that embeddability is a critical factor for model selection and design, especially for deployment on embedded hardware? | D17: 4 | E17: 5 | F17: 5 | G17: 4 | H17: 5 | I17: 5 | J17: =AVERAGE(D17:I17) -> 4.6666667 | K17: =AVERAGE(J17:J23) -> 4.4761905 | L17: =STDEV(D17:I23) -> 0.74040514 | M17: =QUARTILE(E17:J23,3)-QUARTILE(E17:J23,1) -> 0.66666667
B18: Q17 | C18: To what extent do you agree that using integrated development environments (from GPU-based development/testing to real-target deployment) impacts qualification? | D18: 4 | E18: 5 | F18: 4 | G18: 5 | H18: 5 | I18: 3 | J18: =AVERAGE(D18:I18) -> 4.3333333
B19: Q18 | C19: To what extent do you agree that pre and post deployment validation and monitoring is important to qualify critical models? | D19: 4 | E19: 5 | F19: 5 | G19: 5 | H19: 4 | I19: 5 | J19: =AVERAGE(D19:I19) -> 4.6666667
B20: Q19 | C20: To what extent do you agree that model obsolescence is a risk, and that defining an update plan is important? | D20: 4 | E20: 5 | F20: 4 | G20: 5 | H20: 5 | I20: 3 | J20: =AVERAGE(D20:I20) -> 4.3333333
B21: Q20 | C21: For critical applications, to what extent do you agree that feedback loop in model design improves model continuous improvement? Feedback Loops: Establish mechanisms to collect feedback from users or systems to continuously improve the model in order to | D21: 4 | E21: 5 | F21: 5 | G21: 4 | H21: 5 | I21: 3 | J21: =AVERAGE(D21:I21) -> 4.3333333
B22: Q21 | C22: For critical applications, to what extent do you agree that redundancy improves robustness? What do you consider the right trade-off between robustness and resource usage? | D22: 3 | E22: 5 | F22: 5 | G22: 3 | H22: 5 | I22: 5 | J22: =AVERAGE(D22:I22) -> 4.3333333
B23: Q22 | C23: To what extent do you agree that real-time model monitoring (e.g., for model drift or failures) should be mandatory for A-critical systems? | D23: 3 | E23: 5 | F23: 5 | G23: 5 | H23: 5 | I23: 5 | J23: =AVERAGE(D23:I23) -> 4.6666667
A24: Safety Requirement Assurance & Integration and Traceability | B24: Q23 | C24: To what extent do you agree that the proposed integration and traceability questions are sufficient to ensure consistency across lifecycle phases? | D24: 5 | E24: 3 | F24: 3 | G24: 5 | H24: 4 | I24: 4 | J24: =AVERAGE(D24:I24) -> 4 | K24: =AVERAGE(D24:I24) -> 4 | L24: =STDEV(D24:I24) -> 0.89442719 | M24: =QUARTILE(E24:J24,3)-QUARTILE(E24:J24,1) -> 0.75
A25: IMVV | B25: Q24 | C25: To what extent do you agree that external requirement verification is sufficient for critical systems (B and A)? | D25: 4 | E25: 5 | F25: 4 | G25: 5 | H25: 5 | I25: 3 | J25: =AVERAGE(D25:I25) -> 4.3333333 | K25: =AVERAGE(J25:J29) -> 4.5333333 | L25: =STDEV(D25:I29) -> 0.73029674 | M25: =QUARTILE(E25:J29,3)-QUARTILE(E25:J29,1) -> 1
B26: Q25 | C26: To what extent do you agree that external validation of training data and models is sufficient for critical systems (B and A)? | D26: 4 | E26: 5 | F26: 4 | G26: 4 | H26: 5 | I26: 4 | J26: =AVERAGE(D26:I26) -> 4.3333333
B27: Q26 | C27: To what extent do you agree that continuous monitoring and recertification should be mandatory for post-deployment? | D27: 5 | E27: 5 | F27: 5 | G27: 5 | H27: 5 | I27: 4 | J27: =AVERAGE(D27:I27) -> 4.8333333
B28: Q27 | C28: To what extent do you agree that regulatory conformance checks should be mandatory for A-critical systems? | D28: 5 | E28: 5 | F28: 5 | G28: 5 | H28: 5 | I28: 5 | J28: =AVERAGE(D28:I28) -> 5
B29: Q28 | C29: To what extent do you agree that pre-deployment tests for unintended behaviour are sufficient for critical systems (B and A)? | D29: 5 | E29: 5 | F29: 5 | G29: 4 | H29: 4 | I29: 2 | J29: =AVERAGE(D29:I29) -> 4.1666667

Sheet Values
A1: Key | B1: Value
A2: 0–2 years (Junior / Early career) | B2: =(0+2)/2 -> 1
A3: 3–5 years (Intermediate) | B3: =(3+5)/2 -> 4
A4: 16+ years (Expert) | B4: 16
